"0","datatable("
"0","  long_hist,"
"0","  caption = ""Lista Ã¶ver resultat 2006 till 2018"","
"0","  extensions = 'Buttons', options = list("
"0","    dom = 'Bfrtip',"
"0","    buttons = c( 'csv', 'excel', 'pdf', 'print')"
"0","  )"
"0","  )"
"2","the condition has length > 1 and only the first element will be used"
"2","the condition has length > 1 and only the first element will be used"
"2","the condition has length > 1 and only the first element will be used"
"2","the condition has length > 1 and only the first element will be used"
"2","the condition has length > 1 and only the first element will be used"
"2","the condition has length > 1 and only the first element will be used"
"2","the condition has length > 1 and only the first element will be used"
"2","the condition has length > 1 and only the first element will be used"
"2","the condition has length > 1 and only the first element will be used"
"2","the condition has length > 1 and only the first element will be used"
"2","the condition has length > 1 and only the first element will be used"
"2","the condition has length > 1 and only the first element will be used"
"2","the condition has length > 1 and only the first element will be used"
"2","the condition has length > 1 and only the first element will be used"
"2","the condition has length > 1 and only the first element will be used"
"2","the condition has length > 1 and only the first element will be used"
"2","the condition has length > 1 and only the first element will be used"
"2","the condition has length > 1 and only the first element will be used"
"2","the condition has length > 1 and only the first element will be used"
"2","the condition has length > 1 and only the first element will be used"
